{
    "-1002172949970": {
        "activated_by": 7216718830,
        "username": "@sii_3"
    },
    "-1002496828269": {
        "activated_by": 7216718830,
        "username": "@sii_3"
    },
    "-1002262760267": {
        "activated_by": 6999734020,
        "username": "@hnd_n"
    },
    "-1002692444107": {
        "activated_by": 6649160809,
        "username": "@vbl8i"
    },
    "-1002550369196": {
        "activated_by": 6646631745,
        "username": "@YQYQY5"
    },
    "-1002689173833": {
        "activated_by": 6565818265,
        "username": "@FRD77"
    },
    "-1001990667540": {
        "activated_by": 7216718830,
        "username": "@sii_3"
    },
    "-1002669038936": {
        "activated_by": 6565818265,
        "username": "@FRD77"
    },
    "-1002651352715": {
        "activated_by": 6819396230,
        "username": "@StEev1you"
    },
    "-1002260165065": {
        "activated_by": 7216718830,
        "username": "@sii_3"
    },
    "-1002495156062": {
        "activated_by": 7360205963,
        "username": "@l_b10"
    },
    "-1002612266294": {
        "activated_by": 5345194687,
        "username": "غير متوفر"
    },
    "-1002697741046": {
        "activated_by": 7006108585,
        "username": "@m_r_3"
    },
    "-1002314283832": {
        "activated_by": 6798792259,
        "username": "@MO_1zz"
    },
    "-1002286516210": {
        "activated_by": 2138849451,
        "username": "@n1uf17"
    },
    "-1002675700489": {
        "activated_by": 7387045757,
        "username": "@H_0_J_0"
    },
    "-1002292089371": {
        "activated_by": 7216718830,
        "username": "@sii_3"
    }
}